{
    "algorithm_type": "on_board_training",
    "commit": "774f6d56",
    "compilation_date": "2023-12-13T15:04:13.150240",
    "compilation_flags": {
        "float_abi": "hard",
        "fshort_enums": false,
        "short_wchar": false
    },
    "compilation_str": "{'compilation_dict':{'request_type':'library','api':{'env':'PROD','version':'v3'},'version':{'web_api':{'env':'PROD','version':'v3'},'local_api':{'version':'2023.12.05.1','platform':'win64'},'studio':'4.3.0'},'compilation_flags':{'float_abi':'hard','short_wchar':false,'fshort_enums':false,'use_knowledge':false},'mcu':'cortex-m33_st_stm32u5_b-u585i-iot02a','sensor':'acc3','request_origin':'manual','algorithm_type':'on_board_training','lib_version':'v2_774f6d5','info':{'progression':{'evals_done':193,'optimization_progress':0.000965,'elapsed_time':95,'cpu_info':{'cpu_nb_cores':4,'cpu_nb_cores_for_optimization':3},'state':'stopped'},'max_ram':32000,'max_flash':null,'optimization_global_id':'f12040328f7a61bd612a5cfd23c57b2e'},'class_names':'nominal,anomaly','results':[{'result_id':15,'combination':[0.48,0.18,0.79,0.38,0.71,0,[23,25,24,26,18,9,4,21,22,19,14,5,6,13,0,12,11,8,7,16,15,17,1,10,20,2,3],27,0,86,512,0,0,3,2,3,0.65,6667.0,3333.0,0.0,0.38,1,0,30,1,1],'performance':{'performance':{'score':0.983626,'precision':1.0,'precision_confidence_interval':[0.9587,1.0]},'memory_usage':{'estimated_ram':21437,'estimated_flash':18808,'estimated_flash_knowledge':53288}},'learning_min_lines':10}],'data':{'nb_cols':1536,'nb_lines':[[{'file_type':'nominal','nb_lines':21},{'file_type':'anomaly','nb_lines':25}]]},'only_emulators':false,'lock_type':100},'sign':47626,'license_key':'***'}",
    "compile_emulators": true,
    "compile_library": true,
    "data": {
        "nb_cols": 1536,
        "nb_lines": [
            [
                {
                    "file_type": "nominal",
                    "nb_lines": 21
                },
                {
                    "file_type": "anomaly",
                    "nb_lines": 25
                }
            ]
        ]
    },
    "gcc_version": "arm-none-eabi-gcc (Arm GNU Toolchain 13.2.rel1 (Build arm-13.7)) 13.2.1 20231009",
    "learning_min_lines": 10,
    "lib_limited": false,
    "library_id": "6579c7ee580827361d140886",
    "library_md5sum": "69b71fddd1b92a67d504fdd1d1b60392",
    "mcu": "cortex-m33_st_stm32u5_b-u585i-iot02a",
    "mcu_cpn": "B-U585I-IOT02A",
    "mcu_family": "STM32U5",
    "mcu_type": "cortex-m33",
    "mcu_vendor": "STMicroelectronics",
    "memory_usage": {
        "flash": 19915,
        "ram": 21530
    },
    "optimization_info": {
        "max_flash": null,
        "max_ram": 32000,
        "optimization_global_id": "f12040328f7a61bd612a5cfd23c57b2e",
        "progression": {
            "cpu_info": {
                "cpu_nb_cores": 4,
                "cpu_nb_cores_for_optimization": 3
            },
            "elapsed_time": 95,
            "evals_done": 193,
            "optimization_progress": 0.000965,
            "state": "stopped"
        }
    },
    "performance": {
        "memory_usage": {
            "estimated_flash": 18808,
            "estimated_flash_knowledge": 53288,
            "estimated_ram": 21437
        },
        "performance": {
            "precision": 1.0,
            "precision_confidence_interval": [
                0.9587,
                1.0
            ],
            "score": 0.983626
        }
    },
    "request_type": "library",
    "sensor": "acc3",
    "studio_info": {
        "local_api": {
            "platform": "win64",
            "version": "2023.12.05.1"
        },
        "studio": "4.3.0",
        "web_api": {
            "env": "PROD",
            "version": "v3"
        }
    },
    "user_info": {
        "company": "Mines Saint-\u00c9tienne",
        "email": "elmahdi.ettaleb@etu.emse.fr",
        "first_name": "Elmahdi",
        "last_name": "Ettaleb"
    }
}