{
    "algorithm_type": "classifier",
    "class_names": [
        "static",
        "vibr"
    ],
    "commit": "774f6d56",
    "compilation_date": "2024-01-11T16:08:01.706534",
    "compilation_flags": {
        "float_abi": "hard",
        "fshort_enums": false,
        "short_wchar": false
    },
    "compilation_str": "{'compilation_dict':{'request_type':'library','api':{'env':'PROD','version':'v3'},'version':{'web_api':{'env':'PROD','version':'v3'},'local_api':{'version':'2023.12.05.1','platform':'unix'},'studio':'4.3.0'},'compilation_flags':{'float_abi':'hard','short_wchar':false,'fshort_enums':false,'use_knowledge':false},'mcu':'cortex-m33_st_stm32u5_b-u585i-iot02a','sensor':'acc3','request_origin':'manual','algorithm_type':'classifier','lib_version':'v2_774f6d5','info':{'progression':{'evals_done':887,'optimization_progress':0.00554375,'elapsed_time':68,'cpu_info':{'cpu_nb_cores':4,'cpu_nb_cores_for_optimization':3},'state':'stopped'},'max_ram':32000,'max_flash':null,'optimization_global_id':'7f1a644dc29512bf65e5adadf92955ee'},'class_names':'static,vibr','results':[{'result_id':15,'combination':[0,[3,0,1,23,4,5,22,15,14,24,9,18,2,25,8,6,7,16,12,13,20,21,10,11,17,19,26],27,0,48,256,3,1,0,3,2,0,833.0,416.0,0.0,0,1,0,1,0],'performance':{'performance':{'score':0.9613,'precision':0.9929,'precision_confidence_interval':[0.8916,1.0]},'memory_usage':{'estimated_ram':3804,'estimated_flash':1532,'estimated_flash_knowledge':null}},'learning_min_lines':null}],'data':{'nb_cols':768,'nb_lines':[[{'file_type':'class','nb_lines':79},{'file_type':'class','nb_lines':70}]]},'only_emulators':false,'lock_type':100},'sign':46157,'license_key':'***'}",
    "compile_emulators": true,
    "compile_library": true,
    "data": {
        "nb_cols": 768,
        "nb_lines": [
            [
                {
                    "file_type": "class",
                    "nb_lines": 79
                },
                {
                    "file_type": "class",
                    "nb_lines": 70
                }
            ]
        ]
    },
    "gcc_version": "arm-none-eabi-gcc (Arm GNU Toolchain 13.2.rel1 (Build arm-13.7)) 13.2.1 20231009",
    "learning_min_lines": null,
    "lib_limited": false,
    "library_id": "65a01266e955429d869e3ed5",
    "library_md5sum": "aa3956464c4b35f47bae83934801415e",
    "mcu": "cortex-m33_st_stm32u5_b-u585i-iot02a",
    "mcu_cpn": "B-U585I-IOT02A",
    "mcu_family": "STM32U5",
    "mcu_type": "cortex-m33",
    "mcu_vendor": "STMicroelectronics",
    "memory_usage": {
        "flash": 2378,
        "ram": 3807
    },
    "optimization_info": {
        "max_flash": null,
        "max_ram": 32000,
        "optimization_global_id": "7f1a644dc29512bf65e5adadf92955ee",
        "progression": {
            "cpu_info": {
                "cpu_nb_cores": 4,
                "cpu_nb_cores_for_optimization": 3
            },
            "elapsed_time": 68,
            "evals_done": 887,
            "optimization_progress": 0.00554375,
            "state": "stopped"
        }
    },
    "performance": {
        "memory_usage": {
            "estimated_flash": 1532,
            "estimated_flash_knowledge": null,
            "estimated_ram": 3804
        },
        "performance": {
            "precision": 0.9929,
            "precision_confidence_interval": [
                0.8916,
                1.0
            ],
            "score": 0.9613
        }
    },
    "request_type": "library",
    "sensor": "acc3",
    "studio_info": {
        "local_api": {
            "platform": "unix",
            "version": "2023.12.05.1"
        },
        "studio": "4.3.0",
        "web_api": {
            "env": "PROD",
            "version": "v3"
        }
    },
    "user_info": {
        "company": "Mines Saint-Etienne",
        "email": "elmahdi.ettaleb@etu.emse.fr",
        "first_name": "Elmahdi",
        "last_name": "Ettaleb"
    }
}