{
    "algorithm_type": "classifier",
    "class_names": [
        "poupoule",
        "static"
    ],
    "commit": "774f6d56",
    "compilation_date": "2024-01-11T14:16:11.695964",
    "compilation_flags": {
        "float_abi": "hard",
        "fshort_enums": false,
        "short_wchar": false
    },
    "compilation_str": "{'compilation_dict':{'request_type':'library','api':{'env':'PROD','version':'v3'},'version':{'web_api':{'env':'PROD','version':'v3'},'local_api':{'version':'2023.12.05.1','platform':'unix'},'studio':'4.3.0'},'compilation_flags':{'float_abi':'hard','short_wchar':false,'fshort_enums':false,'use_knowledge':false},'mcu':'cortex-m33_st_stm32u5_b-u585i-iot02a','sensor':'acc3','request_origin':'manual','algorithm_type':'classifier','lib_version':'v2_774f6d5','info':{'progression':{'evals_done':30317,'optimization_progress':0.18948125,'elapsed_time':204,'cpu_info':{'cpu_nb_cores':4,'cpu_nb_cores_for_optimization':3},'state':'stopped'},'max_ram':32000,'max_flash':null,'optimization_global_id':'6f200c4dc5509d2acc9144f6af9608c4'},'class_names':'poupoule,static','results':[{'result_id':26,'combination':[100000.0,1,0,[15,12,13,8,0,9,2,6,5,3,4,24,11,16,22,14,21,18,20,10,26,19,17,7,23,1,25],27,0,16,256,2,1,0,3,2,0,833.0,416.0,0.0,1,1,0,1,0.0001,1],'performance':{'performance':{'score':0.944,'precision':0.975,'precision_confidence_interval':[0.8166,1.0]},'memory_usage':{'estimated_ram':5908,'estimated_flash':6456,'estimated_flash_knowledge':null}},'learning_min_lines':null}],'data':{'nb_cols':768,'nb_lines':[[{'file_type':'class','nb_lines':51},{'file_type':'class','nb_lines':46}]]},'only_emulators':false,'lock_type':100},'sign':46820,'license_key':'***'}",
    "compile_emulators": true,
    "compile_library": true,
    "data": {
        "nb_cols": 768,
        "nb_lines": [
            [
                {
                    "file_type": "class",
                    "nb_lines": 51
                },
                {
                    "file_type": "class",
                    "nb_lines": 46
                }
            ]
        ]
    },
    "gcc_version": "arm-none-eabi-gcc (Arm GNU Toolchain 13.2.rel1 (Build arm-13.7)) 13.2.1 20231009",
    "learning_min_lines": null,
    "lib_limited": false,
    "library_id": "659ff82ce955429d869e3d95",
    "library_md5sum": "e4327a908ee90dd18a47386ccbaf50a0",
    "mcu": "cortex-m33_st_stm32u5_b-u585i-iot02a",
    "mcu_cpn": "B-U585I-IOT02A",
    "mcu_family": "STM32U5",
    "mcu_type": "cortex-m33",
    "mcu_vendor": "STMicroelectronics",
    "memory_usage": {
        "flash": 2238,
        "ram": 5909
    },
    "optimization_info": {
        "max_flash": null,
        "max_ram": 32000,
        "optimization_global_id": "6f200c4dc5509d2acc9144f6af9608c4",
        "progression": {
            "cpu_info": {
                "cpu_nb_cores": 4,
                "cpu_nb_cores_for_optimization": 3
            },
            "elapsed_time": 204,
            "evals_done": 30317,
            "optimization_progress": 0.18948125,
            "state": "stopped"
        }
    },
    "performance": {
        "memory_usage": {
            "estimated_flash": 6456,
            "estimated_flash_knowledge": null,
            "estimated_ram": 5908
        },
        "performance": {
            "precision": 0.975,
            "precision_confidence_interval": [
                0.8166,
                1.0
            ],
            "score": 0.944
        }
    },
    "request_type": "library",
    "sensor": "acc3",
    "studio_info": {
        "local_api": {
            "platform": "unix",
            "version": "2023.12.05.1"
        },
        "studio": "4.3.0",
        "web_api": {
            "env": "PROD",
            "version": "v3"
        }
    },
    "user_info": {
        "company": "Mines Saint-Etienne",
        "email": "elmahdi.ettaleb@etu.emse.fr",
        "first_name": "Elmahdi",
        "last_name": "Ettaleb"
    }
}